{"lambda": [0.1, 0.12589254117941673, 0.15848931924611134, 0.19952623149688792, 0.25118864315095796, 0.31622776601683783, 0.39810717055349715, 0.5011872336272721, 0.630957344480193, 0.7943282347242812, 0.9999999999999994, 1.2589254117941662, 1.5848931924611125, 1.9952623149688788, 2.5118864315095784, 3.162277660168376, 3.981071705534969, 5.011872336272719, 6.309573444801926, 7.943282347242805, 9.99999999999999, 12.589254117941662, 15.84893192461111, 19.95262314968877, 25.11886431509577, 31.62277660168376, 39.81071705534969, 50.118723362727145, 63.095734448019236, 79.43282347242805, 99.9999999999998, 125.89254117941648, 158.48931924611108, 199.52623149688768, 251.18864315095772, 316.2277660168373, 398.10717055349653, 501.18723362727144, 630.9573444801918, 794.3282347242797], "rvalues": [0.8250910958159198, 0.829928518095514, 0.8377873400769758, 0.8437464169709924, 0.843623405200491, 0.8481465459714753, 0.8448811884270679, 0.8521454952919111, 0.8487198485695212, 0.8523477702851302, 0.8492327189663522, 0.8503144086034403, 0.8549344705307704, 0.8486942712743738, 0.8492080923620228, 0.8519877737435904, 0.85062150576212, 0.8510845969939003, 0.8522952844000145, 0.850324907672838, 0.8508262433151048, 0.8555385746405979, 0.851868975669029, 0.8500570637458378, 0.8504696507193059, 0.8482320850649016, 0.848582529664594, 0.8504018099193152, 0.8500332656054113, 0.8504422138505701, 0.8506212192685525, 0.8525558786293396, 0.8516079052728942, 0.8517294362821203, 0.8516918848873799, 0.8511680595778716, 0.850409009954297, 0.8462428260162833, 0.8462428260162833, 0.8462428260162833]}